{
  "commits" : [
    {
      "name" : "spirv-tools",
      "site" : "github",
      "subrepo" : "KhronosGroup/SPIRV-Tools",
      "subdir" : "External/spirv-tools",
      "commit" : "a1fb255a2a6856bba1e5a8486469ac93fca518c2"
    },
    {
      "name" : "spirv-tools/external/spirv-headers",
      "site" : "github",
      "subrepo" : "KhronosGroup/SPIRV-Headers",
      "subdir" : "External/spirv-tools/external/spirv-headers",
      "commit" : "ac638f1815425403e946d0ab78bac71d2bdbf3be"
    }
  ]
}
